femafs,dataset,funcaobase,porcentagem,resultado
N,ICSXTOr2016,,,94.65
S,ICSXTOr2016,shepard,5,50.00
S,ICSXTOr2016,shepard,10,97.31
S,ICSXTOr2016,shepard,15,97.31
S,ICSXTOr2016,shepard,20,97.14
S,ICSXTOr2016,shepard,25,91.99
S,ICSXTOr2016,shepard,35,50.00
S,ICSXTOr2016,gauss,5, 70.16
S,ICSXTOr2016,gauss,10,74.59
S,ICSXTOr2016,gauss,15,63.46
S,ICSXTOr2016,gauss,20,84.07
S,ICSXTOr2016,gauss,25,85.83
S,ICSXTOr2016,gauss,35,85.52
N,NSL-KDD,,,81.57
S,NSL-KDD,shepard,5,49.59
S,NSL-KDD,shepard,10,51.86
S,NSL-KDD,shepard,15,56.00
S,NSL-KDD,shepard,20,56.00
S,NSL-KDD,shepard,25,59.92
S,NSL-KDD,shepard,35,57.77
S,NSL-KDD,gauss,5,69.01
S,NSL-KDD,gauss,10,71.16
S,NSL-KDD,gauss,15,75.37
S,NSL-KDD,gauss,20,82.25
S,NSL-KDD,gauss,25,82.77
S,NSL-KDD,gauss,35,82.09


